[{"pos_x": 154.9635, "pos_y": -95.885, "rotation": 0.0, "side": "top", "designator": "R9", "mpn": null, "pack": "R_0603_1608Metric_Pad0.98x0.95mm_HandSolder", "value": "1M", "mount_type": "smt", "place": true}, {"pos_x": 157.9875, "pos_y": -72.0, "rotation": 180.0, "side": "top", "designator": "R12", "mpn": null, "pack": "R_0603_1608Metric_Pad0.98x0.95mm_HandSolder", "value": "1K", "mount_type": "smt", "place": true}, {"pos_x": 159.6644, "pos_y": -127.705, "rotation": 90.0, "side": "top", "designator": "SC4", "mpn": null, "pack": "KXOB25-05X3F", "value": "KXOB25-05X3F", "mount_type": "smt", "place": true}, {"pos_x": 158.9035, "pos_y": -84.582, "rotation": 0.0, "side": "top", "designator": "C5", "mpn": null, "pack": "C_0603_1608Metric_Pad1.08x0.95mm_HandSolder", "value": "100n", "mount_type": "smt", "place": true}, {"pos_x": 133.55, "pos_y": -97.8, "rotation": 0.0, "side": "top", "designator": "SW4", "mpn": null, "pack": "SW_SPST_TL3342", "value": "BOOT", "mount_type": "smt", "place": true}, {"pos_x": 140.2, "pos_y": -95.5, "rotation": 0.0, "side": "top", "designator": "C17", "mpn": null, "pack": "C_0603_1608Metric_Pad1.08x0.95mm_HandSolder", "value": "10u", "mount_type": "smt", "place": true}, {"pos_x": 153.082, "pos_y": -98.4015, "rotation": 90.0, "side": "top", "designator": "R8", "mpn": null, "pack": "R_0603_1608Metric_Pad0.98x0.95mm_HandSolder", "value": "1M", "mount_type": "smt", "place": true}, {"pos_x": 162.687, "pos_y": -105.1814, "rotation": -90.0, "side": "top", "designator": "TP7", "mpn": null, "pack": "TestPoint_Pad_D1.0mm", "value": "GND", "mount_type": "tht", "place": true}, {"pos_x": 162.687, "pos_y": -90.6018, "rotation": -90.0, "side": "top", "designator": "TP4", "mpn": null, "pack": "TestPoint_Pad_D1.0mm", "value": "RXD2", "mount_type": "tht", "place": true}, {"pos_x": 155.282, "pos_y": -98.4015, "rotation": 90.0, "side": "top", "designator": "Q2", "mpn": null, "pack": "SOT-323_SC-70", "value": "DMG1012UW", "mount_type": "smt", "place": true}, {"pos_x": 142.2908, "pos_y": -127.7, "rotation": 90.0, "side": "top", "designator": "SC1", "mpn": null, "pack": "KXOB25-05X3F", "value": "KXOB25-05X3F", "mount_type": "smt", "place": true}, {"pos_x": 151.003, "pos_y": -127.7098, "rotation": 90.0, "side": "top", "designator": "SC3", "mpn": null, "pack": "KXOB25-05X3F", "value": "KXOB25-05X3F", "mount_type": "smt", "place": true}, {"pos_x": 148.5375, "pos_y": -78.4, "rotation": 0.0, "side": "top", "designator": "R7", "mpn": null, "pack": "R_0603_1608Metric_Pad0.98x0.95mm_HandSolder", "value": "10K", "mount_type": "smt", "place": true}, {"pos_x": 149.05, "pos_y": -91.1, "rotation": 180.0, "side": "top", "designator": "JP1", "mpn": null, "pack": "SolderJumper-3_P1.3mm_Bridged12_RoundedPad1.0x1.5mm", "value": "USER0", "mount_type": "tht", "place": true}, {"pos_x": 139.298, "pos_y": -110.1, "rotation": 90.0, "side": "top", "designator": "C8", "mpn": null, "pack": "C_0603_1608Metric_Pad1.08x0.95mm_HandSolder", "value": "10u", "mount_type": "smt", "place": true}, {"pos_x": 162.687, "pos_y": -88.519, "rotation": 0.0, "side": "top", "designator": "TP8", "mpn": null, "pack": "TestPoint_Pad_D1.0mm", "value": "3V3", "mount_type": "tht", "place": true}, {"pos_x": 148.55, "pos_y": -81.788, "rotation": 0.0, "side": "top", "designator": "R2", "mpn": null, "pack": "R_0603_1608Metric_Pad0.98x0.95mm_HandSolder", "value": "10K", "mount_type": "smt", "place": true}, {"pos_x": 131.6, "pos_y": -105.4, "rotation": 180.0, "side": "top", "designator": "JP3", "mpn": null, "pack": "SolderJumper-3_P1.3mm_Bridged12_RoundedPad1.0x1.5mm_NumberLabels", "value": "SELMPP0", "mount_type": "tht", "place": true}, {"pos_x": 162.687, "pos_y": -98.933, "rotation": -90.0, "side": "top", "designator": "TP5", "mpn": null, "pack": "TestPoint_Pad_D1.0mm", "value": "RST", "mount_type": "tht", "place": true}, {"pos_x": 160.64, "pos_y": -108.793898, "rotation": 0.0, "side": "top", "designator": "C2", "mpn": null, "pack": "CP_EIA-3528-15_AVX-H_Pad1.50x2.35mm_HandSolder", "value": "47u", "mount_type": "smt", "place": true}, {"pos_x": 160.64, "pos_y": -112.493898, "rotation": 0.0, "side": "top", "designator": "C4", "mpn": null, "pack": "CP_EIA-3528-15_AVX-H_Pad1.50x2.35mm_HandSolder", "value": "47u", "mount_type": "smt", "place": true}, {"pos_x": 154.6, "pos_y": -70.4, "rotation": 180.0, "side": "top", "designator": "D2", "mpn": null, "pack": "LED_0603_1608Metric_Pad1.05x0.95mm_HandSolder", "value": "GREEN", "mount_type": "smt", "place": true}, {"pos_x": 140.2, "pos_y": -97.0, "rotation": 0.0, "side": "top", "designator": "C12", "mpn": null, "pack": "C_0603_1608Metric_Pad1.08x0.95mm_HandSolder", "value": "100n", "mount_type": "smt", "place": true}, {"pos_x": 149.606, "pos_y": -86.487, "rotation": 0.0, "side": "top", "designator": "G***", "mpn": null, "pack": "TeapotLogo4mm", "value": "LOGO", "mount_type": "tht", "place": false}, {"pos_x": 140.2, "pos_y": -98.5, "rotation": 180.0, "side": "top", "designator": "R5", "mpn": null, "pack": "R_0603_1608Metric_Pad0.98x0.95mm_HandSolder", "value": "1K", "mount_type": "smt", "place": true}, {"pos_x": 140.898, "pos_y": -110.1, "rotation": 90.0, "side": "top", "designator": "L3", "mpn": null, "pack": "L_0603_1608Metric_Pad1.05x0.95mm_HandSolder", "value": "10u", "mount_type": "smt", "place": true}, {"pos_x": 154.5875, "pos_y": -72.0, "rotation": 180.0, "side": "top", "designator": "D1", "mpn": null, "pack": "LED_0603_1608Metric_Pad1.05x0.95mm_HandSolder", "value": "RED", "mount_type": "smt", "place": true}, {"pos_x": 137.0, "pos_y": -105.4, "rotation": 180.0, "side": "top", "designator": "JP4", "mpn": null, "pack": "SolderJumper-3_P1.3mm_Bridged12_RoundedPad1.0x1.5mm_NumberLabels", "value": "SELMPP1", "mount_type": "tht", "place": true}, {"pos_x": 145.198, "pos_y": -110.9, "rotation": 0.0, "side": "top", "designator": "U3", "mpn": null, "pack": "QFN-28-1EP_5x5mm_P0.5mm_EP3.35x3.35mm", "value": "AEM10941", "mount_type": "smt", "place": true}, {"pos_x": 137.45, "pos_y": -61.8, "rotation": 0.0, "side": "top", "designator": "E1", "mpn": null, "pack": "XDCR_ANT-915-USP410", "value": "ANT-915-USP410", "mount_type": "smt", "place": true}, {"pos_x": 135.4855, "pos_y": -109.9, "rotation": 0.0, "side": "top", "designator": "R4", "mpn": null, "pack": "R_0603_1608Metric_Pad0.98x0.95mm_HandSolder", "value": "10M", "mount_type": "smt", "place": true}, {"pos_x": 155.304, "pos_y": -106.172, "rotation": 180.0, "side": "top", "designator": "C14", "mpn": null, "pack": "C_0603_1608Metric_Pad1.08x0.95mm_HandSolder", "value": "10u", "mount_type": "smt", "place": true}, {"pos_x": 146.787, "pos_y": -97.795, "rotation": 180.0, "side": "top", "designator": "SW3", "mpn": null, "pack": "SW_SPST_TL3342", "value": "RESET", "mount_type": "smt", "place": true}, {"pos_x": 162.687, "pos_y": -92.6846, "rotation": -90.0, "side": "top", "designator": "TP2", "mpn": null, "pack": "TestPoint_Pad_D1.0mm", "value": "TXD2", "mount_type": "tht", "place": true}, {"pos_x": 148.5665, "pos_y": -83.439, "rotation": 0.0, "side": "top", "designator": "R3", "mpn": null, "pack": "R_0603_1608Metric_Pad0.98x0.95mm_HandSolder", "value": "10K", "mount_type": "smt", "place": true}, {"pos_x": 162.687, "pos_y": -103.0986, "rotation": -90.0, "side": "top", "designator": "TP1", "mpn": null, "pack": "TestPoint_Pad_D1.0mm", "value": "LIPO+", "mount_type": "tht", "place": true}, {"pos_x": 158.0, "pos_y": -70.4, "rotation": 180.0, "side": "top", "designator": "R13", "mpn": null, "pack": "R_0603_1608Metric_Pad0.98x0.95mm_HandSolder", "value": "1K", "mount_type": "smt", "place": true}, {"pos_x": 133.5786, "pos_y": -127.675, "rotation": 90.0, "side": "top", "designator": "SC2", "mpn": null, "pack": "KXOB25-05X3F", "value": "KXOB25-05X3F", "mount_type": "smt", "place": true}, {"pos_x": 158.807, "pos_y": -81.915, "rotation": 180.0, "side": "top", "designator": "U1", "mpn": null, "pack": "BME680-PSON80P300X300X100-8N", "value": "BME688", "mount_type": "smt", "place": true}, {"pos_x": 162.687, "pos_y": -96.8502, "rotation": -90.0, "side": "top", "designator": "TP6", "mpn": null, "pack": "TestPoint_Pad_D1.0mm", "value": "SWCLK", "mount_type": "tht", "place": true}, {"pos_x": 149.8, "pos_y": -96.032468, "rotation": 0.0, "side": "top", "designator": "REF**", "mpn": null, "pack": "EdgeCut_BWLR1E", "value": "EdgeCut_BWLR1E", "mount_type": "smt", "place": true}, {"pos_x": 148.8, "pos_y": -105.0, "rotation": 90.0, "side": "top", "designator": "C6", "mpn": null, "pack": "C_1210_3225Metric", "value": "150u", "mount_type": "smt", "place": true}, {"pos_x": 144.6, "pos_y": -105.0, "rotation": 180.0, "side": "top", "designator": "L2", "mpn": null, "pack": "IND_LPS4012-103MRB", "value": "10u", "mount_type": "smt", "place": true}, {"pos_x": 148.55, "pos_y": -80.1, "rotation": 0.0, "side": "top", "designator": "R6", "mpn": null, "pack": "R_0603_1608Metric_Pad0.98x0.95mm_HandSolder", "value": "10K", "mount_type": "smt", "place": true}, {"pos_x": 152.6105, "pos_y": -108.656398, "rotation": -90.0, "side": "top", "designator": "C13", "mpn": null, "pack": "C_0603_1608Metric_Pad1.08x0.95mm_HandSolder", "value": "10u", "mount_type": "smt", "place": true}, {"pos_x": 140.2, "pos_y": -100.0, "rotation": 180.0, "side": "top", "designator": "C11", "mpn": null, "pack": "C_0603_1608Metric_Pad1.08x0.95mm_HandSolder", "value": "100n", "mount_type": "smt", "place": true}, {"pos_x": 155.4425, "pos_y": -108.693898, "rotation": 0.0, "side": "top", "designator": "U4", "mpn": null, "pack": "SOT-23-5", "value": "XC6215", "mount_type": "smt", "place": true}, {"pos_x": 135.498, "pos_y": -111.4, "rotation": 180.0, "side": "top", "designator": "R1", "mpn": null, "pack": "R_0603_1608Metric_Pad0.98x0.95mm_HandSolder", "value": "4.7M", "mount_type": "smt", "place": true}, {"pos_x": 133.3, "pos_y": -69.6125, "rotation": 180.0, "side": "top", "designator": "C16", "mpn": null, "pack": "C_0603_1608Metric_Pad1.08x0.95mm_HandSolder", "value": "DNP", "mount_type": "smt", "place": true}, {"pos_x": 135.498, "pos_y": -108.4, "rotation": 0.0, "side": "top", "designator": "C1", "mpn": null, "pack": "C_0603_1608Metric_Pad1.08x0.95mm_HandSolder", "value": "100n", "mount_type": "smt", "place": true}, {"pos_x": 137.725, "pos_y": -84.9, "rotation": 0.0, "side": "top", "designator": "U2", "mpn": null, "pack": "RAK3172", "value": "RAK3172-T", "mount_type": "smt", "place": true}, {"pos_x": 133.3, "pos_y": -74.7, "rotation": 180.0, "side": "top", "designator": "C15", "mpn": null, "pack": "C_0603_1608Metric_Pad1.08x0.95mm_HandSolder", "value": "DNP", "mount_type": "smt", "place": true}, {"pos_x": 153.75, "pos_y": -91.1, "rotation": 180.0, "side": "top", "designator": "JP2", "mpn": null, "pack": "SolderJumper-3_P1.3mm_Open_RoundedPad1.0x1.5mm", "value": "USER1", "mount_type": "tht", "place": true}, {"pos_x": 155.84, "pos_y": -112.493898, "rotation": 180.0, "side": "top", "designator": "Q1", "mpn": null, "pack": "SOT-23", "value": "AO3407A", "mount_type": "smt", "place": true}, {"pos_x": 132.45, "pos_y": -72.2, "rotation": 90.0, "side": "top", "designator": "L1", "mpn": null, "pack": "L_0603_1608Metric_Pad1.05x0.95mm_HandSolder", "value": "0", "mount_type": "smt", "place": true}, {"pos_x": 162.687, "pos_y": -101.0158, "rotation": 90.0, "side": "top", "designator": "TP14", "mpn": null, "pack": "TestPoint_Pad_D1.0mm", "value": "BOOT", "mount_type": "tht", "place": true}, {"pos_x": 161.544, "pos_y": -81.9415, "rotation": -90.0, "side": "top", "designator": "C3", "mpn": null, "pack": "C_0603_1608Metric_Pad1.08x0.95mm_HandSolder", "value": "100n", "mount_type": "smt", "place": true}, {"pos_x": 141.3, "pos_y": -105.1, "rotation": 90.0, "side": "top", "designator": "C7", "mpn": null, "pack": "C_0603_1608Metric_Pad1.08x0.95mm_HandSolder", "value": "22u", "mount_type": "smt", "place": true}, {"pos_x": 162.687, "pos_y": -94.7674, "rotation": -90.0, "side": "top", "designator": "TP3", "mpn": null, "pack": "TestPoint_Pad_D1.0mm", "value": "SWDIO", "mount_type": "tht", "place": true}, {"pos_x": 158.4, "pos_y": -132.715, "rotation": 0.0, "side": "bottom", "designator": "BT1", "mpn": null, "pack": "JST_PH_S2B-PH-SM4-TB_1x02-1MP_P2.00mm_Horizontal", "value": "3.7v LiPo", "mount_type": "smt", "place": true}, {"pos_x": 131.35, "pos_y": -86.257, "rotation": 90.0, "side": "bottom", "designator": "J1", "mpn": null, "pack": "JST_SH_SM04B-SRSS-TB_1x04-1MP_P1.00mm_Horizontal", "value": "Qwiic", "mount_type": "smt", "place": true}, {"pos_x": 151.384, "pos_y": -130.683, "rotation": 180.0, "side": "bottom", "designator": "TP9", "mpn": null, "pack": "TestPoint_Pad_D1.0mm", "value": "BATT+", "mount_type": "tht", "place": true}, {"pos_x": 132.588, "pos_y": -126.238, "rotation": -90.0, "side": "bottom", "designator": "TP11", "mpn": null, "pack": "TestPoint_Pad_D1.5mm", "value": "SOLAR-", "mount_type": "tht", "place": true}, {"pos_x": 132.588, "pos_y": -123.571, "rotation": -90.0, "side": "bottom", "designator": "TP10", "mpn": null, "pack": "TestPoint_Pad_D1.5mm", "value": "SOLAR+", "mount_type": "tht", "place": true}, {"pos_x": 140.589, "pos_y": -134.62, "rotation": 180.0, "side": "bottom", "designator": "G***", "mpn": null, "pack": "TeapotLogo", "value": "LOGO", "mount_type": "tht", "place": false}]