﻿designator,quantity,value,pack,mpn,mount_type
BT1,1,3.7v LiPo,JST_PH_S2B-PH-SM4-TB_1x02-1MP_P2.00mm_Horizontal,S2B-PH-SM4-TB,smt
"C1, C11, C12, C3, C5",5,100n,C_0603_1608Metric_Pad1.08x0.95mm_HandSolder,,smt
"C13, C14, C17, C8",4,10u,C_0603_1608Metric_Pad1.08x0.95mm_HandSolder,,smt
"C15, C16",2,DNP,C_0603_1608Metric_Pad1.08x0.95mm_HandSolder,,smt
"C2, C4",2,47u,CP_EIA-3528-15_AVX-H_Pad1.50x2.35mm_HandSolder,TPSB476K010R0350,smt
C6,1,10u,C_0603_1608Metric,,smt
C7,1,22u,C_0603_1608Metric_Pad1.08x0.95mm_HandSolder,,smt
D1,1,RED,LED_0603_1608Metric_Pad1.05x0.95mm_HandSolder,,smt
D2,1,GREEN,LED_0603_1608Metric_Pad1.05x0.95mm_HandSolder,,smt
E1,1,ANT-915-USP410,XDCR_ANT-915-USP410,ANT-915-USP410,smt
J1,1,Qwiic,JST_SH_SM04B-SRSS-TB_1x04-1MP_P1.00mm_Horizontal,SM04B-SRSS-TB,smt
JP1,1,USER0,SolderJumper-3_P1.3mm_Bridged12_RoundedPad1.0x1.5mm,,tht
JP2,1,USER1,SolderJumper-3_P1.3mm_Open_RoundedPad1.0x1.5mm,,tht
JP3,1,SELMPP0,SolderJumper-3_P1.3mm_Bridged12_RoundedPad1.0x1.5mm_NumberLabels,,tht
JP4,1,SELMPP1,SolderJumper-3_P1.3mm_Bridged12_RoundedPad1.0x1.5mm_NumberLabels,,tht
L1,1,0,L_0603_1608Metric_Pad1.05x0.95mm_HandSolder,,smt
L2,1,10u,IND_LPS4012-103MRB,,smt
L3,1,10u,L_0603_1608Metric_Pad1.05x0.95mm_HandSolder,,smt
Q1,1,AO3407A,SOT-23,AO3407A,smt
Q2,1,DMG1012UW,SOT-323_SC-70,DMG1012UW,smt
R1,1,4.7M,R_0603_1608Metric_Pad0.98x0.95mm_HandSolder,,smt
"R12, R13, R5",3,1K,R_0603_1608Metric_Pad0.98x0.95mm_HandSolder,,smt
"R2, R3, R6, R7",4,10K,R_0603_1608Metric_Pad0.98x0.95mm_HandSolder,,smt
R4,1,10M,R_0603_1608Metric_Pad0.98x0.95mm_HandSolder,,smt
"R8, R9",2,1M,R_0603_1608Metric_Pad0.98x0.95mm_HandSolder,,smt
"SC1, SC2, SC3, SC4",4,KXOB25-05X3F,KXOB25-05X3F,KXOB25-05X3F,smt
SW3,1,RESET,SW_SPST_TL3342,TL3342F160QG,smt
SW4,1,BOOT,SW_SPST_TL3342,TL3342F160QG,smt
TP1,1,LIPO+,TestPoint_Pad_D1.0mm,,tht
TP10,1,SOLAR+,TestPoint_Pad_D1.5mm,,tht
TP11,1,SOLAR-,TestPoint_Pad_D1.5mm,,tht
TP14,1,BOOT,TestPoint_Pad_D1.0mm,,tht
TP2,1,TXD2,TestPoint_Pad_D1.0mm,,tht
TP3,1,SWDIO,TestPoint_Pad_D1.0mm,,tht
TP4,1,RXD2,TestPoint_Pad_D1.0mm,,tht
TP5,1,RST,TestPoint_Pad_D1.0mm,,tht
TP6,1,SWCLK,TestPoint_Pad_D1.0mm,,tht
TP7,1,GND,TestPoint_Pad_D1.0mm,,tht
TP8,1,3V3,TestPoint_Pad_D1.0mm,,tht
TP9,1,BATT+,TestPoint_Pad_D1.0mm,,tht
U1,1,BME688,BME680-PSON80P300X300X100-8N,BME688,smt
U2,1,RAK3172-T,RAK3172,309054,smt
U3,1,AEM10941,QFN-28-1EP_5x5mm_P0.5mm_EP3.35x3.35mm,AEM10941-QFN,smt
U4,1,XC6215,SOT-23-5,XC6215B332MR-G,smt
