﻿pos_x,pos_y,rotation,side,designator,mpn,pack,value,mount_type,place
158.4,-132.715,0.0,bottom,BT1,S2B-PH-SM4-TB,JST_PH_S2B-PH-SM4-TB_1x02-1MP_P2.00mm_Horizontal,3.7v LiPo,smt,True
135.498,-108.4,0.0,top,C1,,C_0603_1608Metric_Pad1.08x0.95mm_HandSolder,100n,smt,True
140.2,-100.0,180.0,top,C11,,C_0603_1608Metric_Pad1.08x0.95mm_HandSolder,100n,smt,True
140.2,-97.0,0.0,top,C12,,C_0603_1608Metric_Pad1.08x0.95mm_HandSolder,100n,smt,True
152.6105,-108.656398,-90.0,top,C13,,C_0603_1608Metric_Pad1.08x0.95mm_HandSolder,10u,smt,True
155.304,-106.172,180.0,top,C14,,C_0603_1608Metric_Pad1.08x0.95mm_HandSolder,10u,smt,True
133.3,-74.7,180.0,top,C15,,C_0603_1608Metric_Pad1.08x0.95mm_HandSolder,DNP,smt,True
133.3,-69.6125,180.0,top,C16,,C_0603_1608Metric_Pad1.08x0.95mm_HandSolder,DNP,smt,True
140.2,-95.5,0.0,top,C17,,C_0603_1608Metric_Pad1.08x0.95mm_HandSolder,10u,smt,True
160.64,-108.793898,0.0,top,C2,TPSB476K010R0350,CP_EIA-3528-15_AVX-H_Pad1.50x2.35mm_HandSolder,47u,smt,True
161.544,-81.9415,-90.0,top,C3,,C_0603_1608Metric_Pad1.08x0.95mm_HandSolder,100n,smt,True
160.64,-112.493898,0.0,top,C4,TPSB476K010R0350,CP_EIA-3528-15_AVX-H_Pad1.50x2.35mm_HandSolder,47u,smt,True
158.9035,-84.582,0.0,top,C5,,C_0603_1608Metric_Pad1.08x0.95mm_HandSolder,100n,smt,True
147.828,-105.664,90.0,top,C6,,C_0603_1608Metric,10u,smt,True
141.3,-105.1,90.0,top,C7,,C_0603_1608Metric_Pad1.08x0.95mm_HandSolder,22u,smt,True
139.298,-110.1,90.0,top,C8,,C_0603_1608Metric_Pad1.08x0.95mm_HandSolder,10u,smt,True
154.5875,-72.0,180.0,top,D1,,LED_0603_1608Metric_Pad1.05x0.95mm_HandSolder,RED,smt,True
154.6,-70.4,180.0,top,D2,,LED_0603_1608Metric_Pad1.05x0.95mm_HandSolder,GREEN,smt,True
137.45,-61.8,0.0,top,E1,ANT-915-USP410,XDCR_ANT-915-USP410,ANT-915-USP410,smt,True
131.35,-86.257,90.0,bottom,J1,SM04B-SRSS-TB,JST_SH_SM04B-SRSS-TB_1x04-1MP_P1.00mm_Horizontal,Qwiic,smt,True
149.05,-91.1,180.0,top,JP1,,SolderJumper-3_P1.3mm_Bridged12_RoundedPad1.0x1.5mm,USER0,tht,True
153.75,-91.1,180.0,top,JP2,,SolderJumper-3_P1.3mm_Open_RoundedPad1.0x1.5mm,USER1,tht,True
131.6,-105.4,180.0,top,JP3,,SolderJumper-3_P1.3mm_Bridged12_RoundedPad1.0x1.5mm_NumberLabels,SELMPP0,tht,True
137.0,-105.4,180.0,top,JP4,,SolderJumper-3_P1.3mm_Bridged12_RoundedPad1.0x1.5mm_NumberLabels,SELMPP1,tht,True
132.45,-72.2,90.0,top,L1,,L_0603_1608Metric_Pad1.05x0.95mm_HandSolder,0,smt,True
144.6,-105.0,180.0,top,L2,,IND_LPS4012-103MRB,10u,smt,True
140.898,-110.1,90.0,top,L3,,L_0603_1608Metric_Pad1.05x0.95mm_HandSolder,10u,smt,True
155.84,-112.493898,180.0,top,Q1,AO3407A,SOT-23,AO3407A,smt,True
155.282,-98.4015,90.0,top,Q2,DMG1012UW,SOT-323_SC-70,DMG1012UW,smt,True
135.498,-111.4,180.0,top,R1,,R_0603_1608Metric_Pad0.98x0.95mm_HandSolder,4.7M,smt,True
157.9875,-72.0,180.0,top,R12,,R_0603_1608Metric_Pad0.98x0.95mm_HandSolder,1K,smt,True
158.0,-70.4,180.0,top,R13,,R_0603_1608Metric_Pad0.98x0.95mm_HandSolder,1K,smt,True
148.55,-81.788,0.0,top,R2,,R_0603_1608Metric_Pad0.98x0.95mm_HandSolder,10K,smt,True
148.5665,-83.439,0.0,top,R3,,R_0603_1608Metric_Pad0.98x0.95mm_HandSolder,10K,smt,True
135.4855,-109.9,0.0,top,R4,,R_0603_1608Metric_Pad0.98x0.95mm_HandSolder,10M,smt,True
140.2,-98.5,180.0,top,R5,,R_0603_1608Metric_Pad0.98x0.95mm_HandSolder,1K,smt,True
148.55,-80.1,0.0,top,R6,,R_0603_1608Metric_Pad0.98x0.95mm_HandSolder,10K,smt,True
148.5375,-78.4,0.0,top,R7,,R_0603_1608Metric_Pad0.98x0.95mm_HandSolder,10K,smt,True
153.082,-98.4015,90.0,top,R8,,R_0603_1608Metric_Pad0.98x0.95mm_HandSolder,1M,smt,True
154.9635,-95.885,0.0,top,R9,,R_0603_1608Metric_Pad0.98x0.95mm_HandSolder,1M,smt,True
142.2908,-127.7,90.0,top,SC1,KXOB25-05X3F,KXOB25-05X3F,KXOB25-05X3F,smt,True
133.5786,-127.675,90.0,top,SC2,KXOB25-05X3F,KXOB25-05X3F,KXOB25-05X3F,smt,True
151.003,-127.7098,90.0,top,SC3,KXOB25-05X3F,KXOB25-05X3F,KXOB25-05X3F,smt,True
159.6644,-127.705,90.0,top,SC4,KXOB25-05X3F,KXOB25-05X3F,KXOB25-05X3F,smt,True
146.787,-97.795,180.0,top,SW3,TL3342F160QG,SW_SPST_TL3342,RESET,smt,True
133.55,-97.8,0.0,top,SW4,TL3342F160QG,SW_SPST_TL3342,BOOT,smt,True
162.687,-103.0986,-90.0,top,TP1,,TestPoint_Pad_D1.0mm,LIPO+,tht,True
132.588,-123.571,-90.0,bottom,TP10,,TestPoint_Pad_D1.5mm,SOLAR+,tht,True
132.588,-126.238,-90.0,bottom,TP11,,TestPoint_Pad_D1.5mm,SOLAR-,tht,True
162.687,-101.0158,90.0,top,TP14,,TestPoint_Pad_D1.0mm,BOOT,tht,True
162.687,-92.6846,-90.0,top,TP2,,TestPoint_Pad_D1.0mm,TXD2,tht,True
162.687,-94.7674,-90.0,top,TP3,,TestPoint_Pad_D1.0mm,SWDIO,tht,True
162.687,-90.6018,-90.0,top,TP4,,TestPoint_Pad_D1.0mm,RXD2,tht,True
162.687,-98.933,-90.0,top,TP5,,TestPoint_Pad_D1.0mm,RST,tht,True
162.687,-96.8502,-90.0,top,TP6,,TestPoint_Pad_D1.0mm,SWCLK,tht,True
162.687,-105.1814,-90.0,top,TP7,,TestPoint_Pad_D1.0mm,GND,tht,True
162.687,-88.519,0.0,top,TP8,,TestPoint_Pad_D1.0mm,3V3,tht,True
151.384,-130.683,180.0,bottom,TP9,,TestPoint_Pad_D1.0mm,BATT+,tht,True
158.807,-81.915,180.0,top,U1,BME688,BME680-PSON80P300X300X100-8N,BME688,smt,True
137.725,-84.9,0.0,top,U2,309054,RAK3172,RAK3172-T,smt,True
145.198,-110.9,0.0,top,U3,AEM10941-QFN,QFN-28-1EP_5x5mm_P0.5mm_EP3.35x3.35mm,AEM10941,smt,True
155.4425,-108.693898,0.0,top,U4,XC6215B332MR-G,SOT-23-5,XC6215,smt,True
