Designator,Footprint,Quantity,Value,LCSC Part #
BT1,JST_PH_S2B-PH-SM4-TB_1x02-1MP_P2.00mm_Horizontal,1,S2B-PH-SM4-TB,
"C1, C2",CP_EIA-3528-15_AVX-H,2,330u,
C3,0603,1,10u,
C4,0402,1,10n,
C5,0402,1,100n,
"C6, C7, C8",0805,3,10u,
C9,0603,1,100n,
D1,0603,1,ORANGE,
F1,0805,1,0.75A,
FB1,0603,1,MMZ1608B601CTAH0,
"H1, H2, H3, H4",MountingHole_2.2mm_M2,4,MountingHole,
J1,USB_C_Receptacle_XKB_U262-16XN-4BVC11,1,U262-161N-4BVC11,
J2,PinHeader_1x08_P2.54mm_Horizontal,1,PinHeader_1x08_P2.54mm_Horizontal,
"J3, J4",PinHeader_1x02_P2.54mm_Horizontal,2,PinHeader_1x02_P2.54mm_Horizontal,
Q1,SOT-23,1,AO3407A,
"R1, R8",0603,2,10K,
R2,0603,1,5.1K,
R3,0603,1,2K,
"R4, R7",0603,2,1K,
"R5, R6",0402,2,5.1K,
SW1,SW_DIP_SPSTx04_Slide_Omron_A6H-4101_W6.15mm_P1.27mm,1,A6H-4101,
"SW2, SW3",SW_SPST_TL3342,2,TL3342F160QG,
"TP1, TP2, TP3, TP4, TP5, TP6, TP7, TP8, TP9",90055-AS,9,90055-AS,
U1,SOT-23-5,1,MCP73831T-2ACI/OT,
U2,SOT-666,1,USBLC6-2P6,
U3,SOT-23-5,1,XC6220B331MR-G,
U4,MSOP-10_3x3mm_P0.5mm,1,CH340E,
