[{"pos_x": 153.9, "pos_y": -95.5, "rotation": 0.0, "side": "top", "designator": "R9", "mpn": null, "pack": "R_0603_1608Metric_Pad0.98x0.95mm_HandSolder", "value": "1M", "mount_type": "smt"}, {"pos_x": 157.9875, "pos_y": -72.0, "rotation": 180.0, "side": "top", "designator": "R12", "mpn": null, "pack": "R_0603_1608Metric_Pad0.98x0.95mm_HandSolder", "value": "1K", "mount_type": "smt"}, {"pos_x": 159.97, "pos_y": -127.705, "rotation": -90.0, "side": "top", "designator": "SC4", "mpn": null, "pack": "KXOB25-05X3F", "value": "KXOB25-05X3F", "mount_type": "smt"}, {"pos_x": 147.95, "pos_y": -85.4, "rotation": -90.0, "side": "top", "designator": "C5", "mpn": null, "pack": "C_0603_1608Metric_Pad1.08x0.95mm_HandSolder", "value": "100nF", "mount_type": "smt"}, {"pos_x": 146.7, "pos_y": -97.8, "rotation": 0.0, "side": "top", "designator": "SW4", "mpn": null, "pack": "SW_SPST_TL3342", "value": "BOOT", "mount_type": "smt"}, {"pos_x": 140.2, "pos_y": -95.5, "rotation": 0.0, "side": "top", "designator": "C17", "mpn": null, "pack": "C_0603_1608Metric_Pad1.08x0.95mm_HandSolder", "value": "10uF", "mount_type": "smt"}, {"pos_x": 152.0, "pos_y": -98.1, "rotation": 90.0, "side": "top", "designator": "R8", "mpn": null, "pack": "R_0603_1608Metric_Pad0.98x0.95mm_HandSolder", "value": "1M", "mount_type": "smt"}, {"pos_x": 161.2, "pos_y": -81.4, "rotation": -90.0, "side": "top", "designator": "TP7", "mpn": null, "pack": "TestPoint_Pad_1.5x1.5mm", "value": "GND", "mount_type": null}, {"pos_x": 129.9475, "pos_y": -92.445, "rotation": 0.0, "side": "top", "designator": "U2", "mpn": null, "pack": "RAK3172", "value": "RAK3172", "mount_type": "smt"}, {"pos_x": 161.2, "pos_y": -86.6, "rotation": -90.0, "side": "top", "designator": "TP4", "mpn": null, "pack": "TestPoint_Pad_1.5x1.5mm", "value": "RXD2", "mount_type": null}, {"pos_x": 154.2, "pos_y": -98.1, "rotation": 90.0, "side": "top", "designator": "Q2", "mpn": null, "pack": "SOT-323_SC-70", "value": "DMG1012UW", "mount_type": "smt"}, {"pos_x": 157.0, "pos_y": -96.4, "rotation": 90.0, "side": "top", "designator": "R16", "mpn": null, "pack": "R_0603_1608Metric_Pad0.98x0.95mm_HandSolder", "value": "0", "mount_type": "smt"}, {"pos_x": 158.7, "pos_y": -100.1, "rotation": 90.0, "side": "top", "designator": "TP8", "mpn": null, "pack": "TestPoint_Pad_D1.5mm", "value": "3V3", "mount_type": null}, {"pos_x": 142.6, "pos_y": -127.7, "rotation": -90.0, "side": "top", "designator": "SC1", "mpn": null, "pack": "KXOB25-05X3F", "value": "KXOB25-05X3F", "mount_type": "smt"}, {"pos_x": 154.0, "pos_y": -111.4, "rotation": 90.0, "side": "top", "designator": "R15", "mpn": null, "pack": "R_0603_1608Metric_Pad0.98x0.95mm_HandSolder", "value": "1M", "mount_type": "smt"}, {"pos_x": 151.3, "pos_y": -127.7, "rotation": -90.0, "side": "top", "designator": "SC3", "mpn": null, "pack": "KXOB25-05X3F", "value": "KXOB25-05X3F", "mount_type": "smt"}, {"pos_x": 148.5375, "pos_y": -78.4, "rotation": 0.0, "side": "top", "designator": "R7", "mpn": null, "pack": "R_0603_1608Metric_Pad0.98x0.95mm_HandSolder", "value": "10K", "mount_type": "smt"}, {"pos_x": 149.05, "pos_y": -91.1, "rotation": 180.0, "side": "top", "designator": "JP1", "mpn": null, "pack": "SolderJumper-3_P1.3mm_Bridged12_RoundedPad1.0x1.5mm_NumberLabels", "value": "USER0", "mount_type": null}, {"pos_x": 140.0, "pos_y": -110.1, "rotation": 90.0, "side": "top", "designator": "C8", "mpn": null, "pack": "C_0603_1608Metric_Pad1.08x0.95mm_HandSolder", "value": "10uF", "mount_type": "smt"}, {"pos_x": 152.4, "pos_y": -111.375, "rotation": 90.0, "side": "top", "designator": "R14", "mpn": null, "pack": "R_0603_1608Metric_Pad0.98x0.95mm_HandSolder", "value": "400K", "mount_type": "smt"}, {"pos_x": 148.55, "pos_y": -88.0, "rotation": 0.0, "side": "top", "designator": "R2", "mpn": null, "pack": "R_0603_1608Metric_Pad0.98x0.95mm_HandSolder", "value": "10K", "mount_type": "smt"}, {"pos_x": 131.6, "pos_y": -105.4, "rotation": 180.0, "side": "top", "designator": "JP3", "mpn": null, "pack": "SolderJumper-3_P1.3mm_Bridged12_RoundedPad1.0x1.5mm_NumberLabels", "value": "SELMPP0", "mount_type": null}, {"pos_x": 161.2, "pos_y": -84.0, "rotation": -90.0, "side": "top", "designator": "TP5", "mpn": null, "pack": "TestPoint_Pad_1.5x1.5mm", "value": "RST", "mount_type": null}, {"pos_x": 159.825, "pos_y": -104.0, "rotation": 0.0, "side": "top", "designator": "C2", "mpn": null, "pack": "CP_EIA-3528-15_AVX-H_Pad1.50x2.35mm_HandSolder", "value": "330uF", "mount_type": "smt"}, {"pos_x": 159.825, "pos_y": -107.7, "rotation": 0.0, "side": "top", "designator": "C4", "mpn": null, "pack": "CP_EIA-3528-15_AVX-H_Pad1.50x2.35mm_HandSolder", "value": "330uF", "mount_type": "smt"}, {"pos_x": 154.6, "pos_y": -70.4, "rotation": 180.0, "side": "top", "designator": "D2", "mpn": null, "pack": "LED_0603_1608Metric_Pad1.05x0.95mm_HandSolder", "value": "GREEN", "mount_type": "smt"}, {"pos_x": 140.2, "pos_y": -97.0, "rotation": 0.0, "side": "top", "designator": "C12", "mpn": null, "pack": "C_0603_1608Metric_Pad1.08x0.95mm_HandSolder", "value": "100nF", "mount_type": "smt"}, {"pos_x": 140.2, "pos_y": -98.5, "rotation": 180.0, "side": "top", "designator": "R5", "mpn": null, "pack": "R_0603_1608Metric_Pad0.98x0.95mm_HandSolder", "value": "1K", "mount_type": "smt"}, {"pos_x": 141.6, "pos_y": -110.1, "rotation": 90.0, "side": "top", "designator": "L3", "mpn": null, "pack": "L_0603_1608Metric_Pad1.05x0.95mm_HandSolder", "value": "10uH", "mount_type": "smt"}, {"pos_x": 154.5875, "pos_y": -72.0, "rotation": 180.0, "side": "top", "designator": "D1", "mpn": null, "pack": "LED_0603_1608Metric_Pad1.05x0.95mm_HandSolder", "value": "RED", "mount_type": "smt"}, {"pos_x": 137.0, "pos_y": -105.4, "rotation": 180.0, "side": "top", "designator": "JP4", "mpn": null, "pack": "SolderJumper-3_P1.3mm_Bridged12_RoundedPad1.0x1.5mm_NumberLabels", "value": "SELMPP1", "mount_type": null}, {"pos_x": 145.9, "pos_y": -110.9, "rotation": 0.0, "side": "top", "designator": "U3", "mpn": null, "pack": "QFN-28-1EP_5x5mm_P0.5mm_EP3.35x3.35mm", "value": "AEM10941-QFN", "mount_type": "smt"}, {"pos_x": 161.9, "pos_y": -100.3, "rotation": 0.0, "side": "top", "designator": "TP9", "mpn": null, "pack": "TestPoint_Pad_D1.5mm", "value": "BATT+", "mount_type": null}, {"pos_x": 137.45, "pos_y": -61.8, "rotation": 0.0, "side": "top", "designator": "E1", "mpn": null, "pack": "XDCR_ANT-915-USP410", "value": "ANT-915-USP410", "mount_type": "smt"}, {"pos_x": 136.1875, "pos_y": -109.9, "rotation": 0.0, "side": "top", "designator": "R4", "mpn": null, "pack": "R_0603_1608Metric_Pad0.98x0.95mm_HandSolder", "value": "10M", "mount_type": "smt"}, {"pos_x": 154.7625, "pos_y": -101.35, "rotation": 180.0, "side": "top", "designator": "C14", "mpn": null, "pack": "C_0603_1608Metric_Pad1.08x0.95mm_HandSolder", "value": "10uF", "mount_type": "smt"}, {"pos_x": 133.55, "pos_y": -97.8, "rotation": 180.0, "side": "top", "designator": "SW3", "mpn": null, "pack": "SW_SPST_TL3342", "value": "RESET", "mount_type": "smt"}, {"pos_x": 161.2, "pos_y": -89.2, "rotation": -90.0, "side": "top", "designator": "TP2", "mpn": null, "pack": "TestPoint_Pad_1.5x1.5mm", "value": "TXD2", "mount_type": null}, {"pos_x": 148.55, "pos_y": -81.8, "rotation": 0.0, "side": "top", "designator": "R3", "mpn": null, "pack": "R_0603_1608Metric_Pad0.98x0.95mm_HandSolder", "value": "10K", "mount_type": "smt"}, {"pos_x": 161.15, "pos_y": -91.8, "rotation": 180.0, "side": "top", "designator": "TP1", "mpn": null, "pack": "TestPoint_Pad_1.5x1.5mm", "value": "PRIMIN", "mount_type": null}, {"pos_x": 158.0, "pos_y": -70.4, "rotation": 180.0, "side": "top", "designator": "R13", "mpn": null, "pack": "R_0603_1608Metric_Pad0.98x0.95mm_HandSolder", "value": "1K", "mount_type": "smt"}, {"pos_x": 133.89, "pos_y": -127.675, "rotation": -90.0, "side": "top", "designator": "SC2", "mpn": null, "pack": "KXOB25-05X3F", "value": "KXOB25-05X3F", "mount_type": "smt"}, {"pos_x": 161.15, "pos_y": -97.0, "rotation": -90.0, "side": "top", "designator": "TP6", "mpn": null, "pack": "TestPoint_Pad_1.5x1.5mm", "value": "SWCLK", "mount_type": null}, {"pos_x": 149.8, "pos_y": -96.032468, "rotation": 0.0, "side": "top", "designator": "REF**", "mpn": null, "pack": "EdgeCut_BWLR1D", "value": "EdgeCut_BWLR1D", "mount_type": "smt"}, {"pos_x": 150.8, "pos_y": -111.375, "rotation": -90.0, "side": "top", "designator": "R11", "mpn": null, "pack": "R_0603_1608Metric_Pad0.98x0.95mm_HandSolder", "value": "100K", "mount_type": "smt"}, {"pos_x": 148.8, "pos_y": -105.0, "rotation": 90.0, "side": "top", "designator": "C6", "mpn": null, "pack": "C_1210_3225Metric", "value": "150uF", "mount_type": "smt"}, {"pos_x": 144.6, "pos_y": -105.0, "rotation": 180.0, "side": "top", "designator": "L2", "mpn": null, "pack": "IND_LPS4012-103MRB", "value": "10uH 0.55A", "mount_type": "smt"}, {"pos_x": 148.55, "pos_y": -80.1, "rotation": 0.0, "side": "top", "designator": "R6", "mpn": null, "pack": "R_0603_1608Metric_Pad0.98x0.95mm_HandSolder", "value": "10K", "mount_type": "smt"}, {"pos_x": 151.825, "pos_y": -103.8625, "rotation": -90.0, "side": "top", "designator": "C13", "mpn": null, "pack": "C_0603_1608Metric_Pad1.08x0.95mm_HandSolder", "value": "10uF", "mount_type": "smt"}, {"pos_x": 140.2, "pos_y": -100.0, "rotation": 180.0, "side": "top", "designator": "C11", "mpn": null, "pack": "C_0603_1608Metric_Pad1.08x0.95mm_HandSolder", "value": "100nF", "mount_type": "smt"}, {"pos_x": 154.925, "pos_y": -103.9, "rotation": 0.0, "side": "top", "designator": "U4", "mpn": null, "pack": "SOT-23-5", "value": "XC6215", "mount_type": "smt"}, {"pos_x": 136.2, "pos_y": -111.4, "rotation": 180.0, "side": "top", "designator": "R1", "mpn": null, "pack": "R_0603_1608Metric_Pad0.98x0.95mm_HandSolder", "value": "4.7M", "mount_type": "smt"}, {"pos_x": 133.3, "pos_y": -69.6125, "rotation": 180.0, "side": "top", "designator": "C16", "mpn": null, "pack": "C_0603_1608Metric_Pad1.08x0.95mm_HandSolder", "value": "? F", "mount_type": "smt"}, {"pos_x": 136.2, "pos_y": -108.4, "rotation": 0.0, "side": "top", "designator": "C1", "mpn": null, "pack": "C_0603_1608Metric_Pad1.08x0.95mm_HandSolder", "value": "100nF", "mount_type": "smt"}, {"pos_x": 155.6, "pos_y": -111.375, "rotation": 90.0, "side": "top", "designator": "R10", "mpn": null, "pack": "R_0603_1608Metric_Pad0.98x0.95mm_HandSolder", "value": "1M", "mount_type": "smt"}, {"pos_x": 132.8, "pos_y": -110.0, "rotation": -90.0, "side": "top", "designator": "JP5", "mpn": null, "pack": "SolderJumper-3_P1.3mm_Open_RoundedPad1.0x1.5mm_NumberLabels", "value": "FB_PRIM_EN", "mount_type": null}, {"pos_x": 133.3, "pos_y": -74.7, "rotation": 180.0, "side": "top", "designator": "C15", "mpn": null, "pack": "C_0603_1608Metric_Pad1.08x0.95mm_HandSolder", "value": "? F", "mount_type": "smt"}, {"pos_x": 153.75, "pos_y": -85.1, "rotation": 180.0, "side": "top", "designator": "U1", "mpn": null, "pack": "BME680-PSON80P300X300X100-8N", "value": "BME680", "mount_type": "tht"}, {"pos_x": 153.75, "pos_y": -91.1, "rotation": 180.0, "side": "top", "designator": "JP2", "mpn": null, "pack": "SolderJumper-3_P1.3mm_Bridged12_RoundedPad1.0x1.5mm_NumberLabels", "value": "USER1", "mount_type": null}, {"pos_x": 155.025, "pos_y": -107.7, "rotation": 180.0, "side": "top", "designator": "Q1", "mpn": null, "pack": "SOT-23", "value": "AO3407", "mount_type": "smt"}, {"pos_x": 132.45, "pos_y": -72.2, "rotation": 90.0, "side": "top", "designator": "L1", "mpn": null, "pack": "L_0603_1608Metric_Pad1.05x0.95mm_HandSolder", "value": "? H", "mount_type": "smt"}, {"pos_x": 149.95, "pos_y": -85.4, "rotation": -90.0, "side": "top", "designator": "C3", "mpn": null, "pack": "C_0603_1608Metric_Pad1.08x0.95mm_HandSolder", "value": "100nF", "mount_type": "smt"}, {"pos_x": 141.3, "pos_y": -105.1, "rotation": 90.0, "side": "top", "designator": "C7", "mpn": null, "pack": "C_0603_1608Metric_Pad1.08x0.95mm_HandSolder", "value": "22uF", "mount_type": "smt"}, {"pos_x": 161.15, "pos_y": -94.4, "rotation": -90.0, "side": "top", "designator": "TP3", "mpn": null, "pack": "TestPoint_Pad_1.5x1.5mm", "value": "SWDIO", "mount_type": null}, {"pos_x": 141.145235, "pos_y": -138.693587, "rotation": 180.0, "side": "bottom", "designator": "G***", "mpn": null, "pack": "TextLogo_BWLR1E", "value": "LOGO", "mount_type": null}, {"pos_x": 158.4, "pos_y": -112.3, "rotation": 0.0, "side": "bottom", "designator": "BT1", "mpn": null, "pack": "JST_PH_S2B-PH-K_1x02_P2.00mm_Horizontal", "value": "3.7v LiPo", "mount_type": "tht"}, {"pos_x": 151.48157, "pos_y": -137.991173, "rotation": 180.0, "side": "bottom", "designator": "REF**", "mpn": null, "pack": "TextLogo_Teapot", "value": "TextLogo_Teapot", "mount_type": "smt"}, {"pos_x": 161.09, "pos_y": -80.63, "rotation": 180.0, "side": "bottom", "designator": "TP13", "mpn": null, "pack": "TestPoint_Pad_D2.0mm", "value": "GND", "mount_type": null}, {"pos_x": 161.16, "pos_y": -83.94, "rotation": 180.0, "side": "bottom", "designator": "TP12", "mpn": null, "pack": "TestPoint_Pad_D2.0mm", "value": "PRIMIN", "mount_type": null}, {"pos_x": 132.8, "pos_y": -122.85, "rotation": -90.0, "side": "bottom", "designator": "TP11", "mpn": null, "pack": "TestPoint_Pad_D1.5mm", "value": "SOLAR-", "mount_type": null}, {"pos_x": 132.6, "pos_y": -125.6, "rotation": -90.0, "side": "bottom", "designator": "TP10", "mpn": null, "pack": "TestPoint_Pad_D1.5mm", "value": "SOLAR+", "mount_type": null}]