Designator,Footprint,Quantity,Value,LCSC Part #
BT1,JST_PH_S2B-PH-SM4-TB_1x02-1MP_P2.00mm_Horizontal,1,3.7v LiPo,
"C1, C11, C12, C3, C5",0603,5,100n,
"C13, C14, C17, C8, L3",0603,5,10u,
"C15, C16",0603,2,DNP,
"C2, C4",CP_EIA-3528-15_AVX-H_Pad1.50x2.35mm_HandSolder,2,47u,
C6,1210,1,150u,
C7,0603,1,22u,
D1,0603,1,RED,
D2,0603,1,GREEN,
E1,XDCR_ANT-915-USP410,1,ANT-915-USP410,
J1,JST_SH_SM04B-SRSS-TB_1x04-1MP_P1.00mm_Horizontal,1,Qwiic,
JP1,SolderJumper-3_P1.3mm_Bridged12_RoundedPad1.0x1.5mm,1,USER0,
JP2,SolderJumper-3_P1.3mm_Open_RoundedPad1.0x1.5mm,1,USER1,
JP3,SolderJumper-3_P1.3mm_Bridged12_RoundedPad1.0x1.5mm_NumberLabels,1,SELMPP0,
JP4,SolderJumper-3_P1.3mm_Bridged12_RoundedPad1.0x1.5mm_NumberLabels,1,SELMPP1,
L1,0603,1,0,
L2,IND_LPS4012-103MRB,1,10u,
Q1,SOT-23,1,AO3407A,
Q2,SOT-323_SC-70,1,DMG1012UW,
R1,0603,1,4.7M,
"R12, R13, R5",0603,3,1K,
"R2, R3, R6, R7",0603,4,10K,
R4,0603,1,10M,
"R8, R9",0603,2,1M,
"SC1, SC2, SC3, SC4",KXOB25-05X3F,4,KXOB25-05X3F,
SW3,SW_SPST_TL3342,1,RESET,
SW4,SW_SPST_TL3342,1,BOOT,
TP1,TestPoint_Pad_D1.0mm,1,LIPO+,
TP10,TestPoint_Pad_D1.5mm,1,SOLAR+,
TP11,TestPoint_Pad_D1.5mm,1,SOLAR-,
TP14,TestPoint_Pad_D1.0mm,1,BOOT,
TP2,TestPoint_Pad_D1.0mm,1,TXD2,
TP3,TestPoint_Pad_D1.0mm,1,SWDIO,
TP4,TestPoint_Pad_D1.0mm,1,RXD2,
TP5,TestPoint_Pad_D1.0mm,1,RST,
TP6,TestPoint_Pad_D1.0mm,1,SWCLK,
TP7,TestPoint_Pad_D1.0mm,1,GND,
TP8,TestPoint_Pad_D1.0mm,1,3V3,
TP9,TestPoint_Pad_D1.0mm,1,BATT+,
U1,BME680-PSON80P300X300X100-8N,1,BME688,
U2,RAK3172,1,RAK3172-T,
U3,QFN-28-1EP_5x5mm_P0.5mm_EP3.35x3.35mm,1,AEM10941,
U4,SOT-23-5,1,XC6215,
